{
    "project_name": "\u0411\u0435\u0437\u044b\u043c\u044f\u043d\u043d\u044b\u0439 \u043f\u0440\u043e\u0435\u043a\u0442",
    "canvas_width": 1920,
    "canvas_height": 1080,
    "instrument": "Brush",
    "color": [
        255,
        0,
        0
    ],
    "current_layer": 0,
    "created": 1762682132.856644,
    "modified": 1762682143.935501
}